Designation,Company,Rating,Reviews_Count,Industry,Location_Info,Experience,Salary_Range,Salary_Min_LPA,Salary_Max_LPA,Highly_Rated_For,Critically_Rated_For
Ai Ml Engineer,Amazon,3.9,33.2k,Internet,Hyderabad +553 other locations,0 - 5 yrs exp.,₹ 16.6 L/yr - ₹ 24.8 L/yr,16.6,24.8,"Company Culture, Work Life Balance, Salary",Promotions
Backend Developer,CRED,3.5,188,FinTech,Hyderabad +15 other locations,0 - 4 yrs exp.,₹ 26 L/yr - ₹ 35.5 L/yr,26,35.5,,"Promotions, Job Security, Work Life Balance"
Backend Developer,Amazon,3.9,33.2k,Internet,Hyderabad +553 other locations,0 - 4 yrs exp.,₹ 13.9 L/yr - ₹ 20.8 L/yr,13.9,20.8,"Company Culture, Work Life Balance, Salary",Promotions
Data Engineer,Blend360,3.5,37,IT Services & Consulting,Hyderabad +1 other locations,0 - 4 yrs exp.,₹ 19 L/yr - ₹ 23.8 L/yr,19,23.8,"Salary, Skill Development","Job Security, Work Satisfaction, Promotions"
Data Engineer,PayU Payments,3.3,605,FinTech,Hyderabad +22 other locations,0 - 5 yrs exp.,₹ 15.3 L/yr - ₹ 21.5 L/yr,15.3,21.5,,"Promotions, Job Security, Work Satisfaction"
Data Engineer,Visa,3.3,523,FinTech,Hyderabad +18 other locations,0 - 6 yrs exp.,₹ 14.7 L/yr - ₹ 19.9 L/yr,14.7,19.9,,"Promotions, Job Security, Work Satisfaction"
Data Scientist,Facebook,4.4,169,Internet,Hyderabad +29 other locations,0 - 5 yrs exp.,₹ 36 L/yr - ₹ 53.6 L/yr,36,53.6,"Salary, Company Culture, Work Life Balance",
Data Scientist,ShareChat,3.6,601,Internet,Hyderabad +39 other locations,0 - 8 yrs exp.,₹ 27.8 L/yr - ₹ 39.2 L/yr,27.8,39.2,Salary,"Job Security, Promotions"
Data Scientist,Uber,4.0,1.1k,Internet,Hyderabad +55 other locations,0 - 5 yrs exp.,₹ 26.4 L/yr - ₹ 38 L/yr,26.4,38,"Work Life Balance, Company Culture, Salary","Job Security, Promotions"
Data Scientist,Meesho,3.7,2.3k,Internet,Hyderabad +142 other locations,0 - 4 yrs exp.,₹ 25.9 L/yr - ₹ 37.6 L/yr,25.9,37.6,Salary,"Job Security, Promotions"
Data Scientist,Eternal Limited,3.5,3.1k,Internet,Hyderabad +225 other locations,0 - 6 yrs exp.,₹ 23.4 L/yr - ₹ 29.4 L/yr,23.4,29.4,,"Job Security, Promotions, Work Life Balance"
Data Scientist,Microsoft Corporation,3.8,2.2k,Software Product,Hyderabad +53 other locations,0 - 6 yrs exp.,₹ 19.6 L/yr - ₹ 28.4 L/yr,19.6,28.4,"Work Life Balance, Company Culture","Job Security, Promotions"
Data Scientist,PayU Payments,3.3,605,FinTech,Hyderabad +22 other locations,0 - 3 yrs exp.,₹ 21.2 L/yr - ₹ 26.4 L/yr,21.2,26.4,,"Promotions, Job Security, Work Satisfaction"
Data Scientist,ICICI Securities,3.9,2.6k,Financial Services,Hyderabad +160 other locations,0 - 4 yrs exp.,₹ 17.8 L/yr - ₹ 24.7 L/yr,17.8,24.7,"Job Security, Work Life Balance",Promotions
Data Scientist,Goldman Sachs,3.3,1.7k,Financial Services,Hyderabad +23 other locations,0 - 5 yrs exp.,₹ 20.1 L/yr - ₹ 22.2 L/yr,20.1,22.2,,"Work Life Balance, Job Security, Promotions"
Data Scientist,MasterCard,3.8,1.1k,FinTech,Hyderabad +17 other locations,0 - 6 yrs exp.,₹ 16.9 L/yr - ₹ 25.3 L/yr,16.9,25.3,"Company Culture, Work Life Balance, Salary",Promotions
Data Scientist,Info Edge,3.8,2.5k,Internet,Hyderabad +70 other locations,0 - 4 yrs exp.,₹ 18.3 L/yr - ₹ 22.7 L/yr,18.3,22.7,Job Security,"Promotions, Work Satisfaction, Skill Development"
Data Scientist,Amazon Development Centre India,3.8,7.6k,Internet,Hyderabad +148 other locations,0 - 8 yrs exp.,₹ 16 L/yr - ₹ 23.4 L/yr,16,23.4,"Company Culture, Work Life Balance","Promotions, Job Security, Skill Development"
Data Scientist,Tata AIG,3.9,3.4k,Insurance,Hyderabad +266 other locations,0 - 4 yrs exp.,₹ 16 L/yr - ₹ 22.8 L/yr,16,22.8,"Job Security, Company Culture, Work Life Balance",Promotions
Data Scientist,Qualcomm,3.7,1.3k,Semiconductors,Hyderabad +21 other locations,0 - 5 yrs exp.,₹ 17.7 L/yr - ₹ 19.6 L/yr,17.7,19.6,Salary,"Promotions, Work Life Balance, Work Satisfaction"
Data Scientist,Micron Technology,3.7,538,Semiconductors,Hyderabad +18 other locations,0 - 7 yrs exp.,₹ 15.7 L/yr - ₹ 22.6 L/yr,15.7,22.6,,"Promotions, Work Satisfaction"
Data Scientist,Lowe's,4.0,1k,Retail,Hyderabad +9 other locations,0 - 5 yrs exp.,₹ 16.9 L/yr - ₹ 21.1 L/yr,16.9,21.1,"Work Life Balance, Company Culture, Job Security",Promotions
Data Scientist,Ola Electric Mobility,3.3,3.3k,Automobile,Hyderabad +455 other locations,0 - 4 yrs exp.,₹ 15.6 L/yr - ₹ 21.5 L/yr,15.6,21.5,Salary,"Job Security, Promotions, Company Culture"
Data Scientist,Air India,3.4,1.9k,Aviation,Hyderabad +67 other locations,0 - 5 yrs exp.,₹ 14.5 L/yr - ₹ 21.7 L/yr,14.5,21.7,,"Promotions, Company Culture, Work Satisfaction"
Data Scientist,Zee Entertainment Enterprises,3.4,782,Media & Entertainment,Hyderabad +38 other locations,0 - 6 yrs exp.,₹ 14.7 L/yr - ₹ 21.4 L/yr,14.7,21.4,,"Promotions, Job Security, Work Satisfaction"
Data Scientist,Ola Cabs,3.2,2.1k,Internet,Hyderabad +112 other locations,0 - 5 yrs exp.,₹ 15.1 L/yr - ₹ 21 L/yr,15.1,21,,"Job Security, Promotions, Company Culture"
Data Scientist,Swiggy,3.7,6k,Internet,Hyderabad +248 other locations,0 - 3 yrs exp.,₹ 14.3 L/yr - ₹ 20.9 L/yr,14.3,20.9,,"Job Security, Promotions, Work Life Balance"
Data Scientist,Kotak Mahindra Bank,3.6,23.5k,Banking,Hyderabad +712 other locations,0 - 5 yrs exp.,₹ 14.9 L/yr - ₹ 19.4 L/yr,14.9,19.4,,"Promotions, Work Satisfaction, Company Culture"
Developer,Google,4.4,2k,Software Product,Hyderabad +93 other locations,0 - 6 yrs exp.,₹ 16.8 L/yr - ₹ 24.4 L/yr,16.8,24.4,"Company Culture, Work Life Balance, Work Satisfaction",
Full Stack Developer,Microsoft Corporation,3.8,2.2k,Software Product,Hyderabad +53 other locations,0 - 7 yrs exp.,₹ 18.5 L/yr - ₹ 26.4 L/yr,18.5,26.4,"Work Life Balance, Company Culture","Job Security, Promotions"
Full Stack Developer,Optum Global Solutions,4.0,8.4k,IT Services & Consulting,Hyderabad +71 other locations,0 - 8 yrs exp.,₹ 16.4 L/yr - ₹ 18.7 L/yr,16.4,18.7,"Job Security, Work Life Balance, Company Culture",Promotions
Full Stack Engineer,Microsoft Corporation,3.8,2.2k,Software Product,Hyderabad +53 other locations,0 - 7 yrs exp.,₹ 18.5 L/yr - ₹ 26.4 L/yr,18.5,26.4,"Work Life Balance, Company Culture","Job Security, Promotions"
Full Stack Engineer,Optum Global Solutions,4.0,8.4k,IT Services & Consulting,Hyderabad +71 other locations,0 - 8 yrs exp.,₹ 16.4 L/yr - ₹ 18.7 L/yr,16.4,18.7,"Job Security, Work Life Balance, Company Culture",Promotions
Java Full Stack Developer,Microsoft Corporation,3.8,2.2k,Software Product,Hyderabad +53 other locations,0 - 7 yrs exp.,₹ 18.5 L/yr - ₹ 26.4 L/yr,18.5,26.4,"Work Life Balance, Company Culture","Job Security, Promotions"
Java Full Stack Developer,Optum Global Solutions,4.0,8.4k,IT Services & Consulting,Hyderabad +71 other locations,0 - 8 yrs exp.,₹ 16.4 L/yr - ₹ 18.7 L/yr,16.4,18.7,"Job Security, Work Life Balance, Company Culture",Promotions
Software Engineer,Palo Alto Networks,3.7,145,IT Services & Consulting,Hyderabad +12 other locations,0 - 4 yrs exp.,₹ 31.2 L/yr - ₹ 43.5 L/yr,31.2,43.5,Salary,"Job Security, Promotions, Work Satisfaction"
Software Engineer,Google,4.4,2k,Software Product,Hyderabad +93 other locations,0 - 7 yrs exp.,₹ 35.1 L/yr - ₹ 38.7 L/yr,35.1,38.7,"Company Culture, Work Life Balance, Work Satisfaction",
Software Engineer,SPRINKLR,2.9,404,Software Product,Hyderabad +8 other locations,0 - 3 yrs exp.,₹ 31.3 L/yr - ₹ 37.1 L/yr,31.3,37.1,,"Work Satisfaction, Job Security, Promotions"
Software Engineer,WinZO,4.2,54,IT Services & Consulting,Hyderabad +2 other locations,0 - 5 yrs exp.,₹ 30.2 L/yr - ₹ 37.3 L/yr,30.2,37.3,"Salary, Work Satisfaction, Promotions",
Software Engineer,Eightfold AI,3.3,37,Internet,Hyderabad +2 other locations,0 - 4 yrs exp.,₹ 30.1 L/yr - ₹ 37.1 L/yr,30.1,37.1,,"Work Life Balance, Company Culture, Work Satisfaction"
Software Engineer,Microsoft Corporation,3.8,2.2k,Software Product,Hyderabad +53 other locations,0 - 7 yrs exp.,₹ 28.9 L/yr - ₹ 32.1 L/yr,28.9,32.1,"Work Life Balance, Company Culture","Job Security, Promotions"
Software Engineer,Navi Limited,3.1,402,FinTech,Hyderabad +18 other locations,0 - 4 yrs exp.,₹ 24.5 L/yr - ₹ 36.4 L/yr,24.5,36.4,,"Job Security, Promotions, Work Life Balance"
Software Engineer,Google Operations Center,3.5,794,BPO,Hyderabad +14 other locations,0 - 3 yrs exp.,₹ 24.3 L/yr - ₹ 36 L/yr,24.3,36,,"Promotions, Work Satisfaction, Skill Development"
Software Engineer,Airbnb,3.6,317,Travel & Tourism,Hyderabad +14 other locations,0 - 5 yrs exp.,₹ 25 L/yr - ₹ 35.1 L/yr,25,35.1,Salary,"Promotions, Job Security, Skill Development"
Software Engineer,CommVault,3.8,150,Software Product,Hyderabad +7 other locations,0 - 4 yrs exp.,₹ 23 L/yr - ₹ 33.2 L/yr,23,33.2,"Company Culture, Work Life Balance, Salary","Promotions, Job Security, Work Satisfaction"
Software Engineer,Dream11,4.2,148,Internet,Hyderabad +7 other locations,0 - 4 yrs exp.,₹ 22.8 L/yr - ₹ 31.7 L/yr,22.8,31.7,"Salary, Company Culture, Work Life Balance",
Software Engineer,Nvidia,3.4,763,Hardware & Networking,Hyderabad +20 other locations,0 - 7 yrs exp.,₹ 22.4 L/yr - ₹ 31.8 L/yr,22.4,31.8,,"Promotions, Work Satisfaction, Job Security"
Software Engineer,Swiggy,3.7,6k,Internet,Hyderabad +248 other locations,0 - 4 yrs exp.,₹ 21 L/yr - ₹ 30 L/yr,21,30,,"Job Security, Promotions, Work Life Balance"
Software Engineer,Goldman Sachs,3.3,1.7k,Financial Services,Hyderabad +23 other locations,0 - 5 yrs exp.,₹ 22 L/yr - ₹ 28.4 L/yr,22,28.4,,"Work Life Balance, Job Security, Promotions"
Software Engineer,Ola Electric Mobility,3.3,3.3k,Automobile,Hyderabad +455 other locations,0 - 4 yrs exp.,₹ 19.4 L/yr - ₹ 29.1 L/yr,19.4,29.1,Salary,"Job Security, Promotions, Company Culture"
Software Engineer,Microsoft Research,4.4,104,,Hyderabad +9 other locations,0 - 5 yrs exp.,₹ 19.4 L/yr - ₹ 28.4 L/yr,19.4,28.4,"Company Culture, Work Life Balance, Work Satisfaction",
Software Engineer,Cult.fit,3.4,1k,Fitness & Wellness,Hyderabad +44 other locations,0 - 4 yrs exp.,₹ 20.6 L/yr - ₹ 27.2 L/yr,20.6,27.2,,"Promotions, Job Security, Work Life Balance"
Software Engineer,BNY,3.6,5.5k,Financial Services,Hyderabad +29 other locations,0 - 4 yrs exp.,₹ 21.6 L/yr - ₹ 25.2 L/yr,21.6,25.2,,"Promotions, Job Security, Work Satisfaction"
Software Engineer,Qualcomm,3.7,1.3k,Semiconductors,Hyderabad +21 other locations,0 - 5 yrs exp.,₹ 21.4 L/yr - ₹ 24.2 L/yr,21.4,24.2,Salary,"Promotions, Work Life Balance, Work Satisfaction"
Software Engineer,Flipkart,3.9,13.7k,Internet,Hyderabad +577 other locations,0 - 5 yrs exp.,₹ 19.2 L/yr - ₹ 25.7 L/yr,19.2,25.7,"Company Culture, Skill Development, Salary",Promotions
Software Engineer,Visa,3.3,523,FinTech,Hyderabad +18 other locations,0 - 4 yrs exp.,₹ 20.7 L/yr - ₹ 23.6 L/yr,20.7,23.6,,"Promotions, Job Security, Work Satisfaction"
Software Engineer,Blinkit,3.8,4.1k,Internet,Hyderabad +187 other locations,0 - 3 yrs exp.,₹ 17.5 L/yr - ₹ 26 L/yr,17.5,26,"Skill Development, Salary",Promotions
Software Engineer,Jaguar Land Rover,3.9,330,Automobile,Hyderabad +34 other locations,0 - 4 yrs exp.,₹ 18.7 L/yr - ₹ 24.5 L/yr,18.7,24.5,"Work Life Balance, Company Culture, Work Satisfaction",Promotions
Software Engineer,Grab Greco,4.0,100,Internet,Hyderabad +34 other locations,0 - 4 yrs exp.,₹ 19.3 L/yr - ₹ 23.3 L/yr,19.3,23.3,"Company Culture, Work Life Balance, Skill Development","Promotions, Job Security"
Software Engineer,Dunzo,3.5,759,Internet,Hyderabad +21 other locations,0 - 3 yrs exp.,₹ 16.8 L/yr - ₹ 24.9 L/yr,16.8,24.9,,"Job Security, Promotions, Company Culture"
Software Engineer,C DOT,3.8,221,Telecom,Hyderabad +14 other locations,0 - 3 yrs exp.,₹ 17.9 L/yr - ₹ 23.6 L/yr,17.9,23.6,"Work Life Balance, Job Security","Promotions, Skill Development, Work Satisfaction"
Software Engineer,Centre For Railway Information Systems,4.0,107,Railways,Hyderabad +9 other locations,0 - 6 yrs exp.,₹ 17.6 L/yr - ₹ 22.7 L/yr,17.6,22.7,"Work Life Balance, Company Culture, Work Satisfaction",Promotions
Software Engineer,TriNet,2.8,65,IT Services & Consulting,Hyderabad +2 other locations,0 - 4 yrs exp.,₹ 17 L/yr - ₹ 23.3 L/yr,17,23.3,,"Promotions, Job Security, Skill Development"
Software Engineer,Money View,4.1,324,FinTech,Hyderabad +26 other locations,0 - 6 yrs exp.,₹ 16.6 L/yr - ₹ 23.3 L/yr,16.6,23.3,"Company Culture, Work Life Balance, Work Satisfaction",Promotions
Software Engineer,Cadence Design Systems,3.8,345,Semiconductors,Hyderabad +19 other locations,0 - 4 yrs exp.,₹ 18.4 L/yr - ₹ 21.2 L/yr,18.4,21.2,"Company Culture, Work Life Balance, Salary","Promotions, Work Satisfaction"
Software Engineer,Walmart,3.5,3.2k,Retail,Hyderabad +96 other locations,0 - 8 yrs exp.,₹ 18.2 L/yr - ₹ 21.3 L/yr,18.2,21.3,,"Promotions, Work Satisfaction, Job Security"
Software Engineer,ACKO,3.2,665,Insurance,Hyderabad +15 other locations,0 - 3 yrs exp.,₹ 16.2 L/yr - ₹ 22.1 L/yr,16.2,22.1,,"Promotions, Job Security, Work Satisfaction"
Software Engineer,OPPO,3.9,4.6k,Consumer Electronics & Appliances,Hyderabad +419 other locations,0 - 4 yrs exp.,₹ 15.6 L/yr - ₹ 22.4 L/yr,15.6,22.4,Skill Development,"Promotions, Job Security"
Software Engineer,DeHaat,3.6,698,Internet,Hyderabad +121 other locations,0 - 5 yrs exp.,₹ 17.4 L/yr - ₹ 19.2 L/yr,17.4,19.2,,"Job Security, Promotions, Company Culture"
Software Engineer,Celigo,3.4,41,Software Product,Hyderabad +1 other locations,0 - 2 yrs exp.,₹ 16.7 L/yr - ₹ 20.9 L/yr,16.7,20.9,"Work Life Balance, Salary","Job Security, Promotions, Work Satisfaction"
Software Engineer,Teradata,3.5,485,Software Product,Hyderabad +10 other locations,0 - 6 yrs exp.,₹ 16 L/yr - ₹ 21.6 L/yr,16,21.6,Work Life Balance,"Job Security, Promotions, Skill Development"
Software Engineer,CommerceIQ,3.0,107,Software Product,Hyderabad +5 other locations,0 - 4 yrs exp.,₹ 14.8 L/yr - ₹ 21.6 L/yr,14.8,21.6,,"Promotions, Work Satisfaction, Job Security"
Software Engineer,Siemens EDA,4.0,69,Software Product,Hyderabad +7 other locations,0 - 3 yrs exp.,₹ 14.9 L/yr - ₹ 21.7 L/yr,14.9,21.7,"Work Life Balance, Company Culture, Salary",
Software Engineer,NXP Semiconductors,3.6,359,Semiconductors,Hyderabad +14 other locations,0 - 6 yrs exp.,₹ 15.7 L/yr - ₹ 20.7 L/yr,15.7,20.7,,"Promotions, Job Security, Work Satisfaction"
Software Engineer,Blackrock,3.4,672,Financial Services,Hyderabad +19 other locations,0 - 4 yrs exp.,₹ 16 L/yr - ₹ 20.1 L/yr,16,20.1,,"Promotions, Work Satisfaction, Company Culture"
Software Engineer,VMware Software,4.4,1.1k,Software Product,Hyderabad +18 other locations,0 - 7 yrs exp.,₹ 14.5 L/yr - ₹ 21.6 L/yr,14.5,21.6,"Salary, Company Culture, Work Life Balance",
Software Engineer,F5 Networks,3.2,160,IT Services & Consulting,Hyderabad +5 other locations,0 - 7 yrs exp.,₹ 15.4 L/yr - ₹ 20.7 L/yr,15.4,20.7,,"Job Security, Promotions, Work Satisfaction"
Software Engineer,Unacademy,3.0,2.3k,EdTech,Hyderabad +75 other locations,0 - 3 yrs exp.,₹ 15 L/yr - ₹ 20.6 L/yr,15,20.6,,"Job Security, Promotions, Work Life Balance"
Software Engineer,Deutsche Bank,3.8,4.7k,Banking,Hyderabad +43 other locations,0 - 6 yrs exp.,₹ 16.3 L/yr - ₹ 19.2 L/yr,16.3,19.2,"Work Life Balance, Job Security, Company Culture","Promotions, Skill Development"
Software Engineer,Zscaler Softech,3.2,470,Software Product,Hyderabad +15 other locations,0 - 6 yrs exp.,₹ 14.2 L/yr - ₹ 21.1 L/yr,14.2,21.1,,"Job Security, Promotions, Work Satisfaction"
Software Engineer,ClearTax,3.0,410,IT Services & Consulting,Hyderabad +10 other locations,0 - 3 yrs exp.,₹ 14.2 L/yr - ₹ 21.1 L/yr,14.2,21.1,,"Job Security, Promotions, Work Satisfaction"
Software Engineer,New Relic,2.6,63,Internet,Hyderabad +1 other locations,0 - 6 yrs exp.,₹ 14.5 L/yr - ₹ 20.8 L/yr,14.5,20.8,,"Job Security, Promotions, Company Culture"
Software Engineer,Nutanix,3.4,205,Software Product,Hyderabad +6 other locations,0 - 4 yrs exp.,₹ 14.2 L/yr - ₹ 21.1 L/yr,14.2,21.1,,"Promotions, Job Security, Work Satisfaction"
Software Engineer,Meesho,3.7,2.3k,Internet,Hyderabad +142 other locations,0 - 4 yrs exp.,₹ 14.5 L/yr - ₹ 20.8 L/yr,14.5,20.8,Salary,"Job Security, Promotions"
Software Engineer,Unique Identification Authority of India,3.7,356,IT Services & Consulting,Hyderabad +98 other locations,0 - 2 yrs exp.,₹ 14.9 L/yr - ₹ 19.8 L/yr,14.9,19.8,,"Promotions, Job Security, Company Culture"
Software Engineer,Amazon,3.9,33.2k,Internet,Hyderabad +553 other locations,0 - 6 yrs exp.,₹ 15.8 L/yr - ₹ 18.9 L/yr,15.8,18.9,"Company Culture, Work Life Balance, Salary",Promotions
Software Engineer,INDMoney,2.8,113,FinTech,Hyderabad +7 other locations,0 - 3 yrs exp.,₹ 15.8 L/yr - ₹ 17.5 L/yr,15.8,17.5,,"Job Security, Promotions, Company Culture"
Software Developer,Microsoft Research,4.4,104,,Hyderabad +9 other locations,0 - 6 yrs exp.,₹ 32.1 L/yr - ₹ 43.4 L/yr,32.1,43.4,"Company Culture, Work Life Balance, Work Satisfaction",
Software Developer,DE Shaw,3.6,207,Financial Services,Hyderabad +6 other locations,0 - 3 yrs exp.,₹ 29.6 L/yr - ₹ 44 L/yr,29.6,44,Salary,"Work Satisfaction, Skill Development, Promotions"
Software Developer,Stripe,2.9,63,FinTech,Hyderabad +3 other locations,0 - 3 yrs exp.,₹ 29 L/yr - ₹ 42 L/yr,29,42,Salary,"Promotions, Work Satisfaction, Job Security"
Software Developer,Atlassian,3.0,180,Software Product,Hyderabad +6 other locations,0 - 7 yrs exp.,₹ 28.1 L/yr - ₹ 39.6 L/yr,28.1,39.6,Salary,"Job Security, Promotions, Skill Development"
Software Developer,Navi Limited,3.1,402,FinTech,Hyderabad +18 other locations,0 - 3 yrs exp.,₹ 24.9 L/yr - ₹ 35.8 L/yr,24.9,35.8,,"Job Security, Promotions, Work Life Balance"
Software Developer,SPRINKLR,2.9,404,Software Product,Hyderabad +8 other locations,0 - 3 yrs exp.,₹ 25.3 L/yr - ₹ 35.3 L/yr,25.3,35.3,,"Work Satisfaction, Job Security, Promotions"
Software Developer,Microsoft Corporation,3.8,2.2k,Software Product,Hyderabad +53 other locations,0 - 8 yrs exp.,₹ 27 L/yr - ₹ 31.6 L/yr,27,31.6,"Work Life Balance, Company Culture","Job Security, Promotions"
Software Developer,Flipkart,3.9,13.7k,Internet,Hyderabad +577 other locations,0 - 5 yrs exp.,₹ 23.9 L/yr - ₹ 30.5 L/yr,23.9,30.5,"Company Culture, Skill Development, Salary",Promotions
Software Developer,Arcesium,3.3,398,IT Services & Consulting,Hyderabad +8 other locations,0 - 4 yrs exp.,₹ 21.9 L/yr - ₹ 31.4 L/yr,21.9,31.4,,"Work Life Balance, Work Satisfaction, Promotions"
Software Developer,MathWorks,4.0,166,Software Product,Hyderabad +5 other locations,0 - 4 yrs exp.,₹ 20.9 L/yr - ₹ 30.8 L/yr,20.9,30.8,"Work Life Balance, Company Culture, Job Security",Promotions
Software Developer,CRED,3.5,188,FinTech,Hyderabad +15 other locations,0 - 3 yrs exp.,₹ 22.5 L/yr - ₹ 29 L/yr,22.5,29,,"Promotions, Job Security, Work Life Balance"
Software Developer,Meesho,3.7,2.3k,Internet,Hyderabad +142 other locations,0 - 5 yrs exp.,₹ 20.1 L/yr - ₹ 27.5 L/yr,20.1,27.5,Salary,"Job Security, Promotions"
Software Developer,PhonePe,3.9,4.1k,FinTech,Hyderabad +427 other locations,0 - 5 yrs exp.,₹ 18.4 L/yr - ₹ 26.9 L/yr,18.4,26.9,"Salary, Company Culture, Work Life Balance",
Software Developer,Myntra,3.8,2.4k,Internet,Hyderabad +105 other locations,0 - 5 yrs exp.,₹ 19 L/yr - ₹ 25.6 L/yr,19,25.6,Company Culture,Promotions
Software Developer,Amazon,3.9,33.2k,Internet,Hyderabad +553 other locations,0 - 5 yrs exp.,₹ 20.2 L/yr - ₹ 23.3 L/yr,20.2,23.3,"Company Culture, Work Life Balance, Salary",Promotions
Software Developer,Ola Electric Mobility,3.3,3.3k,Automobile,Hyderabad +455 other locations,0 - 3 yrs exp.,₹ 18 L/yr - ₹ 24.9 L/yr,18,24.9,Salary,"Job Security, Promotions, Company Culture"
Software Developer,Dream11,4.2,148,Internet,Hyderabad +7 other locations,0 - 3 yrs exp.,₹ 17.5 L/yr - ₹ 25.2 L/yr,17.5,25.2,"Salary, Company Culture, Work Life Balance",
Software Developer,Media.net Software Services (India),3.1,263,Marketing & Advertising,Hyderabad +9 other locations,0 - 4 yrs exp.,₹ 17.2 L/yr - ₹ 24.2 L/yr,17.2,24.2,,"Promotions, Skill Development, Job Security"
Software Developer,Blinkit,3.8,4.1k,Internet,Hyderabad +187 other locations,0 - 3 yrs exp.,₹ 17.5 L/yr - ₹ 23.8 L/yr,17.5,23.8,"Skill Development, Salary",Promotions
Software Developer,BNY,3.6,5.5k,Financial Services,Hyderabad +29 other locations,0 - 4 yrs exp.,₹ 19.3 L/yr - ₹ 21.5 L/yr,19.3,21.5,,"Promotions, Job Security, Work Satisfaction"
Software Developer,Money View,4.1,324,FinTech,Hyderabad +26 other locations,0 - 4 yrs exp.,₹ 16.3 L/yr - ₹ 24.4 L/yr,16.3,24.4,"Company Culture, Work Life Balance, Work Satisfaction",Promotions
Software Developer,Ixigo.com,3.7,110,Travel & Tourism,Hyderabad +7 other locations,0 - 2 yrs exp.,₹ 18.7 L/yr - ₹ 20.7 L/yr,18.7,20.7,,"Promotions, Work Life Balance, Work Satisfaction"
Software Developer,Amazon Web Services,3.8,1k,IT Services & Consulting,Hyderabad +66 other locations,0 - 5 yrs exp.,₹ 16.1 L/yr - ₹ 24 L/yr,16.1,24,Salary,"Job Security, Promotions"
Software Developer,C DOT,3.8,221,Telecom,Hyderabad +14 other locations,0 - 3 yrs exp.,₹ 18.1 L/yr - ₹ 20 L/yr,18.1,20,"Work Life Balance, Job Security","Promotions, Skill Development, Work Satisfaction"
Software Developer,Facebook,4.4,169,Internet,Hyderabad +29 other locations,0 - 3 yrs exp.,₹ 15.2 L/yr - ₹ 22.7 L/yr,15.2,22.7,"Salary, Company Culture, Work Life Balance",
Software Developer,Jubilant Foods Works,3.7,4.5k,Hospitality,Hyderabad +277 other locations,0 - 1 yrs exp.,₹ 17.9 L/yr - ₹ 19.8 L/yr,17.9,19.8,,"Promotions, Work Satisfaction"
Software Developer,Zeta,3.1,333,Emerging Technologies,Hyderabad +12 other locations,0 - 3 yrs exp.,₹ 15.4 L/yr - ₹ 22.2 L/yr,15.4,22.2,,"Promotions, Work Satisfaction, Company Culture"
Software Developer,Walmart,3.5,3.2k,Retail,Hyderabad +96 other locations,0 - 8 yrs exp.,₹ 16.5 L/yr - ₹ 20.6 L/yr,16.5,20.6,,"Promotions, Work Satisfaction, Job Security"
Software Developer,MakeMyTrip,3.5,1.1k,Travel & Tourism,Hyderabad +47 other locations,0 - 6 yrs exp.,₹ 15.1 L/yr - ₹ 21.5 L/yr,15.1,21.5,,"Promotions, Work Satisfaction, Skill Development"
Software Developer,Goldman Sachs,3.3,1.7k,Financial Services,Hyderabad +23 other locations,0 - 5 yrs exp.,₹ 14.3 L/yr - ₹ 20.9 L/yr,14.3,20.9,,"Work Life Balance, Job Security, Promotions"
Software Developer,Autodesk,3.9,308,Software Product,Hyderabad +23 other locations,0 - 6 yrs exp.,₹ 14.4 L/yr - ₹ 20.4 L/yr,14.4,20.4,"Company Culture, Work Life Balance, Salary","Promotions, Job Security"
Software Developer,Nielsen,3.1,1.3k,Analytics & KPO,Hyderabad +77 other locations,0 - 4 yrs exp.,₹ 14 L/yr - ₹ 20.6 L/yr,14,20.6,,"Promotions, Job Security, Skill Development"
Software Developer,Piramal Finance,4.2,6.4k,NBFC,Hyderabad +444 other locations,0 - 3 yrs exp.,₹ 14 L/yr - ₹ 20.2 L/yr,14,20.2,"Company Culture, Work Life Balance, Skill Development",
Software Developer,Chargebee,3.5,130,Software Product,Hyderabad +4 other locations,0 - 3 yrs exp.,₹ 15.3 L/yr - ₹ 18.8 L/yr,15.3,18.8,Salary,"Job Security, Promotions, Work Satisfaction"
Software Development Engineer,Salesforce,3.9,1.2k,Software Product,Hyderabad +46 other locations,0 - 6 yrs exp.,₹ 24.6 L/yr - ₹ 34.3 L/yr,24.6,34.3,"Salary, Company Culture, Work Life Balance","Promotions, Job Security"
Software Development Engineer,Blinkit,3.8,4.1k,Internet,Hyderabad +187 other locations,0 - 3 yrs exp.,₹ 22.2 L/yr - ₹ 31.4 L/yr,22.2,31.4,"Skill Development, Salary",Promotions
Software Development Engineer,Eternal Limited,3.5,3.1k,Internet,Hyderabad +225 other locations,0 - 4 yrs exp.,₹ 22.4 L/yr - ₹ 31 L/yr,22.4,31,,"Job Security, Promotions, Work Life Balance"
Software Development Engineer,Meesho,3.7,2.3k,Internet,Hyderabad +142 other locations,0 - 3 yrs exp.,₹ 21.6 L/yr - ₹ 31.5 L/yr,21.6,31.5,Salary,"Job Security, Promotions"
Software Development Engineer,Dream11,4.2,148,Internet,Hyderabad +7 other locations,0 - 6 yrs exp.,₹ 20.8 L/yr - ₹ 29.8 L/yr,20.8,29.8,"Salary, Company Culture, Work Life Balance",
Software Development Engineer,JioHotstar,3.4,183,Internet,Hyderabad +12 other locations,0 - 4 yrs exp.,₹ 22.4 L/yr - ₹ 27.5 L/yr,22.4,27.5,,"Promotions, Company Culture, Job Security"
Software Development Engineer,Qualcomm,3.7,1.3k,Semiconductors,Hyderabad +21 other locations,0 - 5 yrs exp.,₹ 19.4 L/yr - ₹ 28.5 L/yr,19.4,28.5,Salary,"Promotions, Work Life Balance, Work Satisfaction"
Software Development Engineer,Piramal Finance,4.2,6.4k,NBFC,Hyderabad +444 other locations,0 - 4 yrs exp.,₹ 22.2 L/yr - ₹ 24.5 L/yr,22.2,24.5,"Company Culture, Work Life Balance, Skill Development",
Software Development Engineer,Amazon,3.9,33.2k,Internet,Hyderabad +553 other locations,0 - 5 yrs exp.,₹ 21.1 L/yr - ₹ 24 L/yr,21.1,24,"Company Culture, Work Life Balance, Salary",Promotions
Software Development Engineer,Flipkart,3.9,13.7k,Internet,Hyderabad +577 other locations,0 - 4 yrs exp.,₹ 17.1 L/yr - ₹ 25 L/yr,17.1,25,"Company Culture, Skill Development, Salary",Promotions
Software Development Engineer,BNY,3.6,5.5k,Financial Services,Hyderabad +29 other locations,0 - 3 yrs exp.,₹ 17 L/yr - ₹ 21.4 L/yr,17,21.4,,"Promotions, Job Security, Work Satisfaction"
Software Development Engineer,Citicorp,3.6,5.8k,Financial Services,Hyderabad +74 other locations,0 - 5 yrs exp.,₹ 15.4 L/yr - ₹ 21.5 L/yr,15.4,21.5,Salary,"Promotions, Work Satisfaction, Skill Development"
Software Development Engineer,Bank of America,4.1,4.1k,Banking,Hyderabad +43 other locations,0 - 7 yrs exp.,₹ 17 L/yr - ₹ 18.8 L/yr,17,18.8,"Job Security, Work Life Balance, Company Culture",Promotions
Software Development Engineer,Porter,3.5,900,Internet,Hyderabad +32 other locations,0 - 3 yrs exp.,₹ 16.6 L/yr - ₹ 19.1 L/yr,16.6,19.1,,"Promotions, Job Security, Skill Development"
Web Developer,Microsoft Corporation,3.8,2.2k,Software Product,Hyderabad +53 other locations,0 - 4 yrs exp.,₹ 27.5 L/yr - ₹ 41.1 L/yr,27.5,41.1,"Work Life Balance, Company Culture","Job Security, Promotions"
Web Developer,Google,4.4,2k,Software Product,Hyderabad +93 other locations,0 - 5 yrs exp.,₹ 17.2 L/yr - ₹ 24.9 L/yr,17.2,24.9,"Company Culture, Work Life Balance, Work Satisfaction",
